ID,Real_Height,Nom_DegDay_May ,Acc_DegDay,ThermU_Day,Avg_Temp,SolarRadi_Day,Light_Dur_Day,AVG_LightInt_Day,Rain,Wind,RGR,GS_Days,Genotype,Grow_Stg
1,20.6,51,1269,9.7,10.9,7.5,14.8,95.63,3,19,NAN,-24,G1,1
2,23.2,63,1280,11.4,10.5,6.1,15.4,83.16,3.3,15,12.621%,-23,G1,1
3,21.5,69,1286,6.1,13.3,3.6,15.6,84.54,0,32,-7.328%,-22,G1,1
4,24.4,86,1303,16.9,10.8,9.2,15.4,89.83,0,18,13.488%,-21,G1,1
5,25.8,98,1315,11.9,15.6,8,16.1,86.88,0,29,5.738%,-20,G1,1
6,30.6,104,1322,6.5,13.9,8,15.9,85.38,0.7,29,18.605%,-19,G1,1
7,29.9,117,1334,12.4,9.7,9.7,14.6,81.87,0,16,-2.288%,-18,G1,1
8,31.5,127,1345,10.7,7.0,0.1,16.1,80.13,0,19,5.351%,-17,G1,1
9,32.5,136,1353,8.2,10.6,5.1,15.9,88.68,0,15,3.175%,-16,G1,1
10,34.7,142,1359,6.6,13.5,6.4,16.1,83.93,0,15,6.769%,-15,G1,1
11,35.7,154,1371,11.5,10.0,6.1,14.6,82.86,2.5,20,2.882%,-14,G1,1
12,36.9,158,1375,4.5,10.6,2.9,16.1,76.2,8.3,22,3.361%,-13,G1,1
13,41,166,1384,8.1,10.2,8.2,14.3,73.51,6,24,11.111%,-12,G1,1
14,43.8,177,1394,10.8,9.1,7,14.6,76.05,0,15,6.829%,-11,G1,1
15,44.8,192,1410,15.4,11.2,11.2,14.9,80.59,0,18,2.283%,-10,G1,1
16,46.6,208,1425,15.3,12.8,0.8,16.4,81.92,0,16,4.018%,-9,G1,1
17,47.6,212,1429,3.9,12.8,6.5,16.1,83.24,0,17,2.146%,-8,G1,1
18,49.1,226,1443,14.2,10.4,4.6,15.3,71.81,1,15,3.151%,-7,G1,1
19,51.5,236,1453,10.3,9.9,1.3,15.1,72.06,0.2,19,4.888%,-6,G1,1
20,54.4,244,1462,8.3,11.5,3.9,16.4,73.19,0,10,5.631%,-5,G1,1
21,57.4,257,1474,12.7,11.5,8.4,16.4,69.18,0.2,29,5.515%,-4,G1,1
22,60.3,265,1482,7.4,13.8,8,16.6,78.49,0,25,5.052%,-3,G1,1
23,62.8,274,1491,9.2,9.4,4.3,16.9,77.72,5.8,25,4.146%,-2,G1,1
24,64.1,288,1506,14.5,9.8,8.1,17.1,76.53,2.2,19,2.070%,-1,G1,1
25,16.1,51,1269,9.7,10.9,7.5,14.8,95.63,3,19,NAN,-39,G2,1
26,18.3,63,1280,11.4,10.5,6.1,15.4,83.16,3.3,15,13.665%,-38,G2,1
27,21.6,69,1286,6.1,13.3,3.6,15.6,84.54,0,32,18.033%,-37,G2,1
28,23.6,86,1303,16.9,10.8,9.2,15.4,89.83,0,18,9.259%,-36,G2,1
29,23.5,98,1315,11.9,15.6,8,16.1,86.88,0,29,-0.424%,-35,G2,1
30,24.2,104,1322,6.5,13.9,8,15.9,85.38,0.7,29,2.979%,-34,G2,1
31,27,117,1334,12.4,9.7,9.7,14.6,81.87,0,16,11.570%,-33,G2,1
32,27.3,127,1345,10.7,7.0,0.1,16.1,80.13,0,19,1.111%,-32,G2,1
33,27.9,136,1353,8.2,10.6,5.1,15.9,88.68,0,15,2.198%,-31,G2,1
34,30.8,142,1359,6.6,13.5,6.4,16.1,83.93,0,15,10.394%,-30,G2,1
35,32,154,1371,11.5,10.0,6.1,14.6,82.86,2.5,20,3.896%,-29,G2,1
36,36,158,1375,4.5,10.6,2.9,16.1,76.2,8.3,22,12.500%,-28,G2,1
37,38,166,1384,8.1,10.2,8.2,14.3,73.51,6,24,5.556%,-27,G2,1
38,37.1,177,1394,10.8,9.1,7,14.6,76.05,0,15,-2.368%,-26,G2,1
39,40.5,192,1410,15.4,11.2,11.2,14.9,80.59,0,18,9.164%,-25,G2,1
40,39.1,208,1425,15.3,12.8,0.8,16.4,81.92,0,16,-3.457%,-24,G2,1
41,42.2,212,1429,3.9,12.8,6.5,16.1,83.24,0,17,7.928%,-23,G2,1
42,46.5,226,1443,14.2,10.4,4.6,15.3,71.81,1,15,10.190%,-22,G2,1
43,49.3,236,1453,10.3,9.9,1.3,15.1,72.06,0.2,19,6.022%,-21,G2,1
44,51.1,244,1462,8.3,11.5,3.9,16.4,73.19,0,10,3.651%,-20,G2,1
45,52.9,257,1474,12.7,11.5,8.4,16.4,69.18,0.2,29,3.523%,-19,G2,1
46,54.9,265,1482,7.4,13.8,8,16.6,78.49,0,25,3.781%,-18,G2,1
47,56.1,274,1491,9.2,9.4,4.3,16.9,77.72,5.8,25,2.186%,-17,G2,1
48,60.9,288,1506,14.5,9.8,8.1,17.1,76.53,2.2,19,8.556%,-16,G2,1
49,63,297,1514,8.4,12.4,1.2,16.9,85.21,0.3,19,3.448%,-15,G2,1
50,65,310,1527,13.2,9.6,6.9,17.2,78.97,1.6,28,3.175%,-14,G2,1
51,65.8,320,1537,9.9,14.7,3.7,16.5,84.97,0.3,39,1.231%,-13,G2,1
52,66.2,328,1546,8.5,14.9,6.9,17.4,89.16,0,19,0.608%,-12,G2,1
53,66.9,346,1563,17.6,12.0,13.6,16.9,83.36,4.6,19,1.057%,-11,G2,1
54,70.1,363,1580,17.3,15.7,4.9,17.1,72.84,0.2,17,4.783%,-10,G2,1
55,71.6,375,1593,12.3,12.2,13.4,16.9,81.9,0,26,2.140%,-9,G2,1
56,75.4,388,1606,13,11.3,13.9,16.6,95.16,0,17,5.307%,-8,G2,1
57,76.6,402,1619,13.3,9.2,13.8,16.4,93.81,0,19,1.592%,-7,G2,1
58,77,411,1629,9.7,9.4,3.7,17.1,79.18,0,21,0.522%,-6,G2,1
59,78.9,418,1635,6.5,11.3,4.9,17.2,91.1,0,18,2.468%,-5,G2,1
60,78.3,432,1649,14.2,11.3,15.8,16.9,88.75,0,18,-0.760%,-4,G2,1
61,79.4,447,1664,14.7,14.2,12.1,16.6,88.63,3.3,14,1.405%,-3,G2,1
62,81.1,449,1666,1.7,14.0,0,17.1,91.64,3.7,11,2.141%,-2,G2,1
63,82.8,453,1670,4.2,14.2,0.4,17.4,92.28,1,23,2.096%,-1,G2,1
64,34.9,51,1269,9.7,10.9,7.5,14.8,95.63,3,19,NAN,-5,G3,1
65,37.1,63,1280,11.4,10.5,6.1,15.4,83.16,3.3,15,6.304%,-4,G3,1
66,38.5,69,1286,6.1,13.3,3.6,15.6,84.54,0,32,3.774%,-3,G3,1
67,39.4,86,1303,16.9,10.8,9.2,15.4,89.83,0,18,2.338%,-2,G3,1
68,42,98,1315,11.9,15.6,8,16.1,86.88,0,29,6.599%,-1,G3,1
69,23,51,1269,9.7,10.9,7.5,14.8,95.63,3,19,NAN,-28,G4,1
70,24,63,1280,11.4,10.5,6.1,15.4,83.16,3.3,15,4.348%,-27,G4,1
71,25.9,69,1286,6.1,13.3,3.6,15.6,84.54,0,32,7.917%,-26,G4,1
72,27,86,1303,16.9,10.8,9.2,15.4,89.83,0,18,4.247%,-25,G4,1
73,27,98,1315,11.9,15.6,8,16.1,86.88,0,29,0.000%,-24,G4,1
74,29.7,104,1322,6.5,13.9,8,15.9,85.38,0.7,29,10.000%,-23,G4,1
75,30.9,117,1334,12.4,9.7,9.7,14.6,81.87,0,16,4.040%,-22,G4,1
76,33.3,127,1345,10.7,7.0,0.1,16.1,80.13,0,19,7.767%,-21,G4,1
77,36.5,136,1353,8.2,10.6,5.1,15.9,88.68,0,15,9.610%,-20,G4,1
78,38.1,142,1359,6.6,13.5,6.4,16.1,83.93,0,15,4.384%,-19,G4,1
79,41.6,154,1371,11.5,10.0,6.1,14.6,82.86,2.5,20,9.186%,-18,G4,1
80,41.7,158,1375,4.5,10.6,2.9,16.1,76.2,8.3,22,0.240%,-17,G4,1
81,43,166,1384,8.1,10.2,8.2,14.3,73.51,6,24,3.118%,-16,G4,1
82,42.9,177,1394,10.8,9.1,7,14.6,76.05,0,15,-0.233%,-15,G4,1
83,43.1,192,1410,15.4,11.2,11.2,14.9,80.59,0,18,0.466%,-14,G4,1
84,44.3,208,1425,15.3,12.8,0.8,16.4,81.92,0,16,2.784%,-13,G4,1
85,45.8,212,1429,3.9,12.8,6.5,16.1,83.24,0,17,3.386%,-12,G4,1
86,47.9,226,1443,14.2,10.4,4.6,15.3,71.81,1,15,4.585%,-11,G4,1
87,50.4,236,1453,10.3,9.9,1.3,15.1,72.06,0.2,19,5.219%,-10,G4,1
88,53,244,1462,8.3,11.5,3.9,16.4,73.19,0,10,5.159%,-9,G4,1
89,55.6,257,1474,12.7,11.5,8.4,16.4,69.18,0.2,29,4.906%,-8,G4,1
90,57.9,265,1482,7.4,13.8,8,16.6,78.49,0,25,4.137%,-7,G4,1
91,59.2,274,1491,9.2,9.4,4.3,16.9,77.72,5.8,25,2.245%,-6,G4,1
92,59.1,288,1506,14.5,9.8,8.1,17.1,76.53,2.2,19,-0.169%,-5,G4,1
93,62.1,297,1514,8.4,12.4,1.2,16.9,85.21,0.3,19,5.076%,-4,G4,1
94,63,310,1527,13.2,9.6,6.9,17.2,78.97,1.6,28,1.449%,-3,G4,1
95,64,320,1537,9.9,14.7,3.7,16.5,84.97,0.3,39,1.587%,-2,G4,1
96,66.9,328,1546,8.5,14.9,6.9,17.4,89.16,0,19,4.531%,-1,G4,1
97,32.1,51,1269,9.7,10.9,7.5,14.8,95.63,3,19,NAN,-23,G5,1
98,36.7,63,1280,11.4,10.5,6.1,15.4,83.16,3.3,15,14.330%,-22,G5,1
99,37.1,69,1286,6.1,13.3,3.6,15.6,84.54,0,32,1.090%,-21,G5,1
100,34.3,86,1303,16.9,10.8,9.2,15.4,89.83,0,18,-7.547%,-20,G5,1
101,34.4,98,1315,11.9,15.6,8,16.1,86.88,0,29,0.292%,-19,G5,1
102,36.2,104,1322,6.5,13.9,8,15.9,85.38,0.7,29,5.233%,-18,G5,1
103,38.4,117,1334,12.4,9.7,9.7,14.6,81.87,0,16,6.077%,-17,G5,1
104,41.6,127,1345,10.7,7.0,0.1,16.1,80.13,0,19,8.333%,-16,G5,1
105,42.5,136,1353,8.2,10.6,5.1,15.9,88.68,0,15,2.163%,-15,G5,1
106,44.3,142,1359,6.6,13.5,6.4,16.1,83.93,0,15,4.235%,-14,G5,1
107,44.9,154,1371,11.5,10.0,6.1,14.6,82.86,2.5,20,1.354%,-13,G5,1
108,46,158,1375,4.5,10.6,2.9,16.1,76.2,8.3,22,2.450%,-12,G5,1
109,45.5,166,1384,8.1,10.2,8.2,14.3,73.51,6,24,-1.087%,-11,G5,1
110,47.3,177,1394,10.8,9.1,7,14.6,76.05,0,15,3.956%,-10,G5,1
111,48.7,192,1410,15.4,11.2,11.2,14.9,80.59,0,18,2.960%,-9,G5,1
112,48.9,208,1425,15.3,12.8,0.8,16.4,81.92,0,16,0.411%,-8,G5,1
113,49.1,212,1429,3.9,12.8,6.5,16.1,83.24,0,17,0.409%,-7,G5,1
114,49.8,226,1443,14.2,10.4,4.6,15.3,71.81,1,15,1.426%,-6,G5,1
115,50.9,236,1453,10.3,9.9,1.3,15.1,72.06,0.2,19,2.209%,-5,G5,1
116,52.1,244,1462,8.3,11.5,3.9,16.4,73.19,0,10,2.358%,-4,G5,1
117,53.2,257,1474,12.7,11.5,8.4,16.4,69.18,0.2,29,2.111%,-3,G5,1
118,53.9,265,1482,7.4,13.8,8,16.6,78.49,0,25,1.316%,-2,G5,1
119,53.9,274,1491,9.2,9.4,4.3,16.9,77.72,5.8,25,0.000%,-1,G5,1
120,25.3,51,1269,9.7,10.9,7.5,14.8,95.63,3,19,NAN,-23,GT,1
121,27.9,63,1280,11.4,10.5,6.1,15.4,83.16,3.3,15,10.277%,-22,GT,1
122,28.9,69,1286,6.1,13.3,3.6,15.6,84.54,0,32,3.584%,-21,GT,1
123,29.7,86,1303,16.9,10.8,9.2,15.4,89.83,0,18,2.768%,-20,GT,1
124,30.5,98,1315,11.9,15.6,8,16.1,86.88,0,29,2.694%,-19,GT,1
125,33.1,104,1322,6.5,13.9,8,15.9,85.38,0.7,29,8.525%,-18,GT,1
126,34.9,117,1334,12.4,9.7,9.7,14.6,81.87,0,16,5.438%,-17,GT,1
127,37.1,127,1345,10.7,7.0,0.1,16.1,80.13,0,19,6.304%,-16,GT,1
128,38.6,136,1353,8.2,10.6,5.1,15.9,88.68,0,15,4.043%,-15,GT,1
129,40.4,142,1359,6.6,13.5,6.4,16.1,83.93,0,15,4.663%,-14,GT,1
130,42.1,154,1371,11.5,10.0,6.1,14.6,82.86,2.5,20,4.208%,-13,GT,1
131,43.7,158,1375,4.5,10.6,2.9,16.1,76.2,8.3,22,3.800%,-12,GT,1
132,45.2,166,1384,8.1,10.2,8.2,14.3,73.51,6,24,3.432%,-11,GT,1
133,46.1,177,1394,10.8,9.1,7,14.6,76.05,0,15,1.991%,-10,GT,1
134,47.3,192,1410,15.4,11.2,11.2,14.9,80.59,0,18,2.603%,-9,GT,1
135,47.9,208,1425,15.3,12.8,0.8,16.4,81.92,0,16,1.268%,-8,GT,1
136,49.1,212,1429,3.9,12.8,6.5,16.1,83.24,0,17,2.505%,-7,GT,1
137,50.8,226,1443,14.2,10.4,4.6,15.3,71.81,1,15,3.462%,-6,GT,1
138,52.6,236,1453,10.3,9.9,1.3,15.1,72.06,0.2,19,3.543%,-5,GT,1
139,54.4,244,1462,8.3,11.5,3.9,16.4,73.19,0,10,3.422%,-4,GT,1
140,56.4,257,1474,12.7,11.5,8.4,16.4,69.18,0.2,29,3.676%,-3,GT,1
141,58.4,265,1482,7.4,13.8,8,16.6,78.49,0,25,3.546%,-2,GT,1
142,59.9,274,1491,9.2,9.4,4.3,16.9,77.72,5.8,25,2.568%,-1,GT,1
143,63.9,297,1514,8.4,12.4,1.2,16.9,85.21,0.3,19,-0.312%,1,G1,2
144,66.1,310,1527,13.2,9.6,6.9,17.2,78.97,1.6,28,3.443%,2,G1,2
145,66.4,320,1537,9.9,14.7,3.7,16.5,84.97,0.3,39,0.454%,3,G1,2
146,68,328,1546,8.5,14.9,6.9,17.4,89.16,0,19,2.410%,4,G1,2
147,70.8,346,1563,17.6,12.0,13.6,16.9,83.36,4.6,19,4.118%,5,G1,2
148,71.4,363,1580,17.3,15.7,4.9,17.1,72.84,0.2,17,0.847%,6,G1,2
149,84.5,462,1680,9.5,10.5,15.5,17.1,94.7,0,13,2.053%,1,G2,2
150,86.4,479,1697,17.1,12.7,5.7,16.8,96.65,0,13,2.249%,2,G2,2
151,86.8,492,1709,12.3,16.2,5,17.4,96.32,0.2,19,0.463%,3,G2,2
152,87.4,498,1715,6.5,14.2,4.7,17.1,93.55,0,16,0.691%,4,G2,2
153,89.1,503,1721,5.2,13.8,1.7,17.4,96.94,1.5,14,1.945%,5,G2,2
154,45,104,1322,6.5,13.9,8,15.9,85.38,0.7,29,7.143%,1,G3,2
155,48.3,117,1334,12.4,9.7,9.7,14.6,81.87,0,16,7.333%,2,G3,2
156,51.7,127,1345,10.7,7.0,0.1,16.1,80.13,0,19,7.039%,3,G3,2
157,53.4,136,1353,8.2,10.6,5.1,15.9,88.68,0,15,3.288%,4,G3,2
158,54.2,142,1359,6.6,13.5,6.4,16.1,83.93,0,15,1.498%,5,G3,2
159,56.5,154,1371,11.5,10.0,6.1,14.6,82.86,2.5,20,4.244%,6,G3,2
160,68.6,346,1563,17.6,12.0,13.6,16.9,83.36,4.6,19,2.541%,1,G4,2
161,69.2,363,1580,17.3,15.7,4.9,17.1,72.84,0.2,17,0.875%,2,G4,2
162,69.3,375,1593,12.3,12.2,13.4,16.9,81.9,0,26,0.145%,3,G4,2
163,70.1,388,1606,13,11.3,13.9,16.6,95.16,0,17,1.154%,4,G4,2
164,71.4,402,1619,13.3,9.2,13.8,16.4,93.81,0,19,1.854%,5,G4,2
165,54.1,288,1506,14.5,9.8,8.1,17.1,76.53,2.2,19,0.371%,1,G5,2
166,57.4,297,1514,8.4,12.4,1.2,16.9,85.21,0.3,19,6.100%,2,G5,2
167,59.4,310,1527,13.2,9.6,6.9,17.2,78.97,1.6,28,3.484%,3,G5,2
168,61,320,1537,9.9,14.7,3.7,16.5,84.97,0.3,39,2.694%,4,G5,2
169,62.5,328,1546,8.5,14.9,6.9,17.4,89.16,0,19,2.459%,5,G5,2
170,62.1,346,1563,17.6,12.0,13.6,16.9,83.36,4.6,19,-0.640%,6,G5,2
171,61.5,288,1506,14.5,9.8,8.1,17.1,76.53,2.2,19,2.671%,1,GT,2
172,63.2,297,1514,8.4,12.4,1.2,16.9,85.21,0.3,19,2.764%,2,GT,2
173,64.8,310,1527,13.2,9.6,6.9,17.2,78.97,1.6,28,2.532%,3,GT,2
174,65.7,320,1537,9.9,14.7,3.7,16.5,84.97,0.3,39,1.389%,4,GT,2
175,67.4,328,1546,8.5,14.9,6.9,17.4,89.16,0,19,2.588%,5,GT,2
176,68.6,346,1563,17.6,12.0,13.6,16.9,83.36,4.6,19,1.780%,6,GT,2
177,69.7,363,1580,17.3,15.7,4.9,17.1,72.84,0.2,17,1.603%,7,GT,2
178,70.7,375,1593,12.3,12.2,13.4,16.9,81.9,0,26,1.435%,8,GT,2
179,72.9,388,1606,13,11.3,13.9,16.6,95.16,0,17,0.552%,1,G1,3
180,74,402,1619,13.3,9.2,13.8,16.4,93.81,0,19,1.509%,2,G1,3
181,74.4,411,1629,9.7,9.4,3.7,17.1,79.18,0,21,0.541%,3,G1,3
182,74.9,418,1635,6.5,11.3,4.9,17.2,91.1,0,18,0.672%,4,G1,3
183,78.7,432,1649,14.2,11.3,15.8,16.9,88.75,0,18,5.073%,5,G1,3
184,81.8,447,1664,14.7,14.2,12.1,16.6,88.63,3.3,14,3.939%,6,G1,3
185,81.8,449,1666,1.7,14.0,0,17.1,91.64,3.7,11,0.000%,7,G1,3
186,86.4,453,1670,4.2,14.2,0.4,17.4,92.28,1,23,5.623%,8,G1,3
187,90.2,514,1732,10.9,12.4,3.9,17.1,99.21,9.5,11,1.235%,1,G2,3
188,91.4,521,1738,6.5,16.0,4.2,17.1,95.72,1.1,19,1.330%,2,G2,3
189,93.2,527,1744,6.2,12.6,2.9,17.4,103.57,4.4,19,1.969%,3,G2,3
190,94,531,1748,3.9,11.9,0.1,17.4,95.26,0,19,0.858%,4,G2,3
191,95.9,549,1767,18.6,13.5,7,17.4,91.28,0,15,2.021%,5,G2,3
192,94.7,563,1781,13.8,16.0,7.7,17.1,96.02,0,13,-1.251%,6,G2,3
193,97.6,576,1794,13,17.7,1.1,17.4,100.08,1.8,17,3.062%,7,G2,3
194,57.9,158,1375,4.5,10.6,2.9,16.1,76.2,8.3,22,2.478%,1,G3,3
195,58.5,166,1384,8.1,10.2,8.2,14.3,73.51,6,24,1.036%,2,G3,3
196,59.2,177,1394,10.8,9.1,7,14.6,76.05,0,15,1.197%,3,G3,3
197,59.6,192,1410,15.4,11.2,11.2,14.9,80.59,0,18,0.676%,4,G3,3
198,60.7,208,1425,15.3,12.8,0.8,16.4,81.92,0,16,1.846%,5,G3,3
199,60.6,212,1429,3.9,12.8,6.5,16.1,83.24,0,17,-0.165%,6,G3,3
200,60.4,226,1443,14.2,10.4,4.6,15.3,71.81,1,15,-0.330%,7,G3,3
201,60.6,236,1453,10.3,9.9,1.3,15.1,72.06,0.2,19,0.331%,8,G3,3
202,61.4,244,1462,8.3,11.5,3.9,16.4,73.19,0,10,1.320%,9,G3,3
203,62.8,257,1474,12.7,11.5,8.4,16.4,69.18,0.2,29,2.280%,10,G3,3
204,65,265,1482,7.4,13.8,8,16.6,78.49,0,25,3.503%,11,G3,3
205,67.6,274,1491,9.2,9.4,4.3,16.9,77.72,5.8,25,4.000%,12,G3,3
206,69.1,288,1506,14.5,9.8,8.1,17.1,76.53,2.2,19,2.219%,13,G3,3
207,69.5,297,1514,8.4,12.4,1.2,16.9,85.21,0.3,19,0.579%,14,G3,3
208,70.4,310,1527,13.2,9.6,6.9,17.2,78.97,1.6,28,1.295%,15,G3,3
209,71.2,320,1537,9.9,14.7,3.7,16.5,84.97,0.3,39,1.136%,16,G3,3
210,73.2,328,1546,8.5,14.9,6.9,17.4,89.16,0,19,2.809%,17,G3,3
211,74.8,346,1563,17.6,12.0,13.6,16.9,83.36,4.6,19,2.186%,18,G3,3
212,75.2,363,1580,17.3,15.7,4.9,17.1,72.84,0.2,17,0.535%,19,G3,3
213,75.7,375,1593,12.3,12.2,13.4,16.9,81.9,0,26,0.665%,20,G3,3
214,73.2,411,1629,9.7,9.4,3.7,17.1,79.18,0,21,2.521%,1,G4,3
215,74.2,418,1635,6.5,11.3,4.9,17.2,91.1,0,18,1.366%,2,G4,3
216,74.5,432,1649,14.2,11.3,15.8,16.9,88.75,0,18,0.404%,3,G4,3
217,77.2,447,1664,14.7,14.2,12.1,16.6,88.63,3.3,14,3.624%,4,G4,3
218,77.8,449,1666,1.7,14.0,0,17.1,91.64,3.7,11,0.777%,5,G4,3
219,79.9,453,1670,4.2,14.2,0.4,17.4,92.28,1,23,2.699%,6,G4,3
220,79.2,462,1680,9.5,10.5,15.5,17.1,94.7,0,13,-0.876%,7,G4,3
221,80,479,1697,17.1,12.7,5.7,16.8,96.65,0,13,1.010%,8,G4,3
222,80.8,492,1709,12.3,16.2,5,17.4,96.32,0.2,19,1.000%,9,G4,3
223,62.7,363,1580,17.3,15.7,4.9,17.1,72.84,0.2,17,0.966%,1,G5,3
224,64.6,375,1593,12.3,12.2,13.4,16.9,81.9,0,26,3.030%,2,G5,3
225,66.3,388,1606,13,11.3,13.9,16.6,95.16,0,17,2.632%,3,G5,3
226,69.8,402,1619,13.3,9.2,13.8,16.4,93.81,0,19,5.279%,4,G5,3
227,72.3,411,1629,9.7,9.4,3.7,17.1,79.18,0,21,3.582%,5,G5,3
228,72.4,418,1635,6.5,11.3,4.9,17.2,91.1,0,18,0.138%,6,G5,3
229,71.9,432,1649,14.2,11.3,15.8,16.9,88.75,0,18,-0.691%,7,G5,3
230,72.4,447,1664,14.7,14.2,12.1,16.6,88.63,3.3,14,0.695%,8,G5,3
231,72.4,388,1606,13,11.3,13.9,16.6,95.16,0,17,2.405%,1,GT,3
232,74.1,402,1619,13.3,9.2,13.8,16.4,93.81,0,19,2.348%,2,GT,3
233,75,411,1629,9.7,9.4,3.7,17.1,79.18,0,21,1.215%,3,GT,3
234,75.5,418,1635,6.5,11.3,4.9,17.2,91.1,0,18,0.667%,4,GT,3
235,76.3,432,1649,14.2,11.3,15.8,16.9,88.75,0,18,1.060%,5,GT,3
236,77.6,447,1664,14.7,14.2,12.1,16.6,88.63,3.3,14,1.704%,6,GT,3
237,78.4,449,1666,1.7,14.0,0,17.1,91.64,3.7,11,1.031%,7,GT,3
238,80.4,453,1670,4.2,14.2,0.4,17.4,92.28,1,23,2.551%,8,GT,3
239,79.9,462,1680,9.5,10.5,15.5,17.1,94.7,0,13,-0.622%,9,GT,3
240,82,479,1697,17.1,12.7,5.7,16.8,96.65,0,13,2.628%,10,GT,3
241,82.1,492,1709,12.3,16.2,5,17.4,96.32,0.2,19,0.122%,11,GT,3
242,85.6,462,1680,9.5,10.5,15.5,17.1,94.7,0,13,-0.926%,1,G1,4
243,88.2,479,1697,17.1,12.7,5.7,16.8,96.65,0,13,3.037%,2,G1,4
244,89.1,492,1709,12.3,16.2,5,17.4,96.32,0.2,19,1.020%,3,G1,4
245,90.9,498,1715,6.5,14.2,4.7,17.1,93.55,0,16,2.020%,4,G1,4
246,93.5,503,1721,5.2,13.8,1.7,17.4,96.94,1.5,14,2.860%,5,G1,4
247,92.9,514,1732,10.9,12.4,3.9,17.1,99.21,9.5,11,-0.642%,6,G1,4
248,95.1,521,1738,6.5,16.0,4.2,17.1,95.72,1.1,19,2.368%,7,G1,4
249,96.2,527,1744,6.2,12.6,2.9,17.4,103.57,4.4,19,1.157%,8,G1,4
250,95.6,531,1748,3.9,11.9,0.1,17.4,95.26,0,19,-0.624%,9,G1,4
251,96,549,1767,18.6,13.5,7,17.4,91.28,0,15,0.418%,10,G1,4
252,94.7,563,1781,13.8,16.0,7.7,17.1,96.02,0,13,-1.354%,11,G1,4
253,95.4,576,1794,13,17.7,1.1,17.4,100.08,1.8,17,0.739%,12,G1,4
254,95.8,588,1805,11.8,16.7,13,17.1,94.08,0.2,18,0.419%,13,G1,4
255,96,598,1815,9.7,15.4,1.7,17.1,94.51,1.2,19,0.209%,14,G1,4
256,94.9,613,1831,15.5,17.1,13.3,17.4,97.31,0,15,-1.146%,15,G1,4
257,96.7,630,1847,16.6,16.9,15.7,17.3,97.11,0,16,1.897%,16,G1,4
258,95.6,648,1866,18.5,21.0,9.5,17.4,96.06,0,22,-1.138%,17,G1,4
259,96.1,660,1877,11.6,21.3,9,17.1,98.17,0,15,0.523%,18,G1,4
260,96.9,673,1890,12.8,15.5,11.5,17.4,91.97,3.1,15,0.832%,19,G1,4
261,95.9,687,1905,14.5,21.7,12,17.1,93.93,0,21,-1.032%,20,G1,4
262,100.4,588,1805,11.8,16.7,13,17.1,94.08,0.2,18,2.869%,1,G2,4
263,102.2,598,1815,9.7,15.4,1.7,17.1,94.51,1.2,19,1.793%,2,G2,4
264,104.2,613,1831,15.5,17.1,13.3,17.4,97.31,0,15,1.957%,3,G2,4
265,104,630,1847,16.6,16.9,15.7,17.3,97.11,0,16,-0.192%,4,G2,4
266,104,648,1866,18.5,21.0,9.5,17.4,96.06,0,22,0.000%,5,G2,4
267,105.2,660,1877,11.6,21.3,9,17.1,98.17,0,15,1.154%,6,G2,4
268,105.5,673,1890,12.8,15.5,11.5,17.4,91.97,3.1,15,0.285%,7,G2,4
269,105.8,687,1905,14.5,21.7,12,17.1,93.93,0,21,0.284%,8,G2,4
270,104.7,699,1916,11.7,16.9,6,16.7,97.89,4.3,22,-1.040%,9,G2,4
271,104.9,711,1929,12.3,16.3,6.7,16.4,98.88,0.7,18,0.191%,10,G2,4
272,106.4,722,1939,10.8,17.0,6.3,16.8,98.88,1.1,22,1.430%,11,G2,4
273,107.4,729,1946,6.5,16.4,1.7,16.2,102.38,7.8,20,0.940%,12,G2,4
274,105.5,740,1957,11.5,13.1,9.6,16.7,101.64,0,15,-1.769%,13,G2,4
275,105.1,759,1976,18.7,16.4,14,16.7,96.53,0,19,-0.379%,14,G2,4
276,105.5,771,1988,12.2,18.3,7.5,16.7,97.42,1.2,16,0.381%,15,G2,4
277,107.4,778,1995,7,18.3,2,16.4,94.39,6.5,18,1.801%,16,G2,4
278,107.4,783,2001,5.4,17.5,0.1,16.4,98.59,0.8,21,0.000%,17,G2,4
279,77.2,388,1606,13,11.3,13.9,16.6,95.16,0,17,1.982%,1,G3,4
280,78.5,402,1619,13.3,9.2,13.8,16.4,93.81,0,19,1.684%,2,G3,4
281,78.1,411,1629,9.7,9.4,3.7,17.1,79.18,0,21,-0.510%,3,G3,4
282,77.1,418,1635,6.5,11.3,4.9,17.2,91.1,0,18,-1.280%,4,G3,4
283,77.9,432,1649,14.2,11.3,15.8,16.9,88.75,0,18,1.038%,5,G3,4
284,77.3,447,1664,14.7,14.2,12.1,16.6,88.63,3.3,14,-0.770%,6,G3,4
285,76.8,449,1666,1.7,14.0,0,17.1,91.64,3.7,11,-0.647%,7,G3,4
286,77.8,453,1670,4.2,14.2,0.4,17.4,92.28,1,23,1.302%,8,G3,4
287,77.1,462,1680,9.5,10.5,15.5,17.1,94.7,0,13,-0.900%,9,G3,4
288,78.9,479,1697,17.1,12.7,5.7,16.8,96.65,0,13,2.335%,10,G3,4
289,76.1,492,1709,12.3,16.2,5,17.4,96.32,0.2,19,-3.549%,11,G3,4
290,78.9,498,1715,6.5,14.2,4.7,17.1,93.55,0,16,3.679%,12,G3,4
291,77.5,503,1721,5.2,13.8,1.7,17.4,96.94,1.5,14,-1.774%,13,G3,4
292,77.3,514,1732,10.9,12.4,3.9,17.1,99.21,9.5,11,-0.258%,14,G3,4
293,77.5,521,1738,6.5,16.0,4.2,17.1,95.72,1.1,19,0.259%,15,G3,4
294,78.4,527,1744,6.2,12.6,2.9,17.4,103.57,4.4,19,1.161%,16,G3,4
295,79,531,1748,3.9,11.9,0.1,17.4,95.26,0,19,0.765%,17,G3,4
296,78.3,549,1767,18.6,13.5,7,17.4,91.28,0,15,-0.886%,18,G3,4
297,78,563,1781,13.8,16.0,7.7,17.1,96.02,0,13,-0.383%,19,G3,4
298,79.1,576,1794,13,17.7,1.1,17.4,100.08,1.8,17,1.410%,20,G3,4
299,81.1,498,1715,6.5,14.2,4.7,17.1,93.55,0,16,0.371%,1,G4,4
300,81.6,503,1721,5.2,13.8,1.7,17.4,96.94,1.5,14,0.617%,2,G4,4
301,81.9,514,1732,10.9,12.4,3.9,17.1,99.21,9.5,11,0.368%,3,G4,4
302,82.8,521,1738,6.5,16.0,4.2,17.1,95.72,1.1,19,1.099%,4,G4,4
303,84.3,527,1744,6.2,12.6,2.9,17.4,103.57,4.4,19,1.812%,5,G4,4
304,83.7,531,1748,3.9,11.9,0.1,17.4,95.26,0,19,-0.712%,6,G4,4
305,85.6,549,1767,18.6,13.5,7,17.4,91.28,0,15,2.270%,7,G4,4
306,85.8,563,1781,13.8,16.0,7.7,17.1,96.02,0,13,0.234%,8,G4,4
307,85.1,576,1794,13,17.7,1.1,17.4,100.08,1.8,17,-0.816%,9,G4,4
308,86.2,588,1805,11.8,16.7,13,17.1,94.08,0.2,18,1.293%,10,G4,4
309,86.1,598,1815,9.7,15.4,1.7,17.1,94.51,1.2,19,-0.116%,11,G4,4
310,88.5,613,1831,15.5,17.1,13.3,17.4,97.31,0,15,2.787%,12,G4,4
311,90.1,630,1847,16.6,16.9,15.7,17.3,97.11,0,16,1.808%,13,G4,4
312,88.7,648,1866,18.5,21.0,9.5,17.4,96.06,0,22,-1.554%,14,G4,4
313,89.1,660,1877,11.6,21.3,9,17.1,98.17,0,15,0.451%,15,G4,4
314,90.6,673,1890,12.8,15.5,11.5,17.4,91.97,3.1,15,1.684%,16,G4,4
315,90.3,687,1905,14.5,21.7,12,17.1,93.93,0,21,-0.331%,17,G4,4
316,74.5,449,1666,1.7,14.0,0,17.1,91.64,3.7,11,2.901%,1,G5,4
317,75.1,453,1670,4.2,14.2,0.4,17.4,92.28,1,23,0.805%,2,G5,4
318,73.3,462,1680,9.5,10.5,15.5,17.1,94.7,0,13,-2.397%,3,G5,4
319,76.3,479,1697,17.1,12.7,5.7,16.8,96.65,0,13,4.093%,4,G5,4
320,77.8,492,1709,12.3,16.2,5,17.4,96.32,0.2,19,1.966%,5,G5,4
321,77.2,498,1715,6.5,14.2,4.7,17.1,93.55,0,16,-0.771%,6,G5,4
322,77.5,503,1721,5.2,13.8,1.7,17.4,96.94,1.5,14,0.389%,7,G5,4
323,77.8,514,1732,10.9,12.4,3.9,17.1,99.21,9.5,11,0.387%,8,G5,4
324,76.5,521,1738,6.5,16.0,4.2,17.1,95.72,1.1,19,-1.671%,9,G5,4
325,77.5,527,1744,6.2,12.6,2.9,17.4,103.57,4.4,19,1.307%,10,G5,4
326,77.3,531,1748,3.9,11.9,0.1,17.4,95.26,0,19,-0.258%,11,G5,4
327,77.7,549,1767,18.6,13.5,7,17.4,91.28,0,15,0.517%,12,G5,4
328,77.7,563,1781,13.8,16.0,7.7,17.1,96.02,0,13,0.000%,13,G5,4
329,77.7,576,1794,13,17.7,1.1,17.4,100.08,1.8,17,0.000%,14,G5,4
330,76,588,1805,11.8,16.7,13,17.1,94.08,0.2,18,-2.188%,15,G5,4
331,76.8,598,1815,9.7,15.4,1.7,17.1,94.51,1.2,19,1.053%,16,G5,4
332,83.1,498,1715,6.5,14.2,4.7,17.1,93.55,0,16,1.218%,1,GT,4
333,83.8,503,1721,5.2,13.8,1.7,17.4,96.94,1.5,14,0.842%,2,GT,4
334,84,514,1732,10.9,12.4,3.9,17.1,99.21,9.5,11,0.239%,3,GT,4
335,84.7,521,1738,6.5,16.0,4.2,17.1,95.72,1.1,19,0.833%,4,GT,4
336,85.9,527,1744,6.2,12.6,2.9,17.4,103.57,4.4,19,1.417%,5,GT,4
337,85.9,531,1748,3.9,11.9,0.1,17.4,95.26,0,19,0.000%,6,GT,4
338,86.7,549,1767,18.6,13.5,7,17.4,91.28,0,15,0.931%,7,GT,4
339,86.2,563,1781,13.8,16.0,7.7,17.1,96.02,0,13,-0.577%,8,GT,4
340,87,576,1794,13,17.7,1.1,17.4,100.08,1.8,17,0.928%,9,GT,4
341,87.5,588,1805,11.8,16.7,13,17.1,94.08,0.2,18,0.575%,10,GT,4
342,88.1,598,1815,9.7,15.4,1.7,17.1,94.51,1.2,19,0.686%,11,GT,4
343,88.7,613,1831,15.5,17.1,13.3,17.4,97.31,0,15,0.681%,12,GT,4
344,89.3,630,1847,16.6,16.9,15.7,17.3,97.11,0,16,0.676%,13,GT,4
345,89.2,648,1866,18.5,21.0,9.5,17.4,96.06,0,22,-0.112%,14,GT,4
346,89.5,660,1877,11.6,21.3,9,17.1,98.17,0,15,0.336%,15,GT,4
347,90.7,673,1890,12.8,15.5,11.5,17.4,91.97,3.1,15,1.341%,16,GT,4
348,90.4,687,1905,14.5,21.7,12,17.1,93.93,0,21,-0.331%,17,GT,4
349,94.8,699,1916,11.7,16.85,6,16.7,97.89,4.3,22,-1.147%,1,G1,5
350,94.3,711,1929,12.3,16.25,6.7,16.4,98.88,0.7,18,-0.527%,2,G1,5
351,94.2,722,1939,10.8,17,6.3,16.8,98.88,1.1,22,-0.106%,3,G1,5
352,94.4,729,1946,6.5,16.35,1.7,16.2,102.38,7.8,20,0.212%,4,G1,5
353,94.6,740,1957,11.5,13.05,9.6,16.7,101.64,0,15,0.212%,5,G1,5
354,95,759,1976,18.7,16.35,14,16.7,96.53,0,19,0.423%,6,G1,5
355,93.5,771,1988,12.2,18.3,7.5,16.7,97.42,1.2,16,-1.579%,7,G1,5
356,93.7,778,1995,7,18.3,2,16.4,94.39,6.5,18,0.214%,8,G1,5
357,94.4,783,2001,5.4,17.5,0.1,16.4,98.59,0.8,21,0.747%,9,G1,5
358,94.2,787,2004,3.5,18.45,0.5,16.7,98.81,1.4,15,-0.212%,10,G1,5
359,95.1,790,2008,3.5,17.75,0.7,16.4,101.24,0.3,13,0.955%,11,G1,5
360,95.3,805,2023,14.9,13.55,14.3,16.7,97.31,3.8,14,0.210%,12,G1,5
361,95.4,815,2032,9.7,20.35,6.7,16.4,104.13,0,27,0.105%,13,G1,5
362,94,826,2043,11.2,16.6,12.8,16.1,96.65,0.4,20,-1.468%,14,G1,5
363,95.3,837,2054,10.6,17.6,7.6,16.1,112.54,0,25,1.383%,15,G1,5
364,95.2,856,2073,19.2,15.4,3.2,15.8,113.91,0,20,-0.105%,16,G1,5
365,94.3,868,2085,11.8,19.2,10.3,15.7,116.38,0,24,-0.945%,17,G1,5
366,93.5,877,2095,9.6,17.7,2.5,16.1,106.58,0.3,15,-0.848%,18,G1,5
367,94.8,892,2109,14.4,13.6,5.9,16.4,109.21,0,18,1.390%,19,G1,5
368,96.3,901,2118,9.1,15.65,0.4,16.4,108.96,43.3,17,1.582%,20,G1,5
369,108.3,787,2004,3.5,18.45,0.5,16.7,98.81,1.4,15,0.838%,1,G2,5
370,107.7,790,2008,3.5,17.75,0.7,16.4,101.24,0.3,13,-0.554%,2,G2,5
371,106.1,805,2023,14.9,13.55,14.3,16.7,97.31,3.8,14,-1.486%,3,G2,5
372,105.4,815,2032,9.7,20.35,6.7,16.4,104.13,0,27,-0.660%,4,G2,5
373,107.1,826,2043,11.2,16.6,12.8,16.1,96.65,0.4,20,1.613%,5,G2,5
374,105.3,837,2054,10.6,17.6,7.6,16.1,112.54,0,25,-1.681%,6,G2,5
375,106.2,856,2073,19.2,15.4,3.2,15.8,113.91,0,20,0.855%,7,G2,5
376,107.1,868,2085,11.8,19.2,10.3,15.7,116.38,0,24,0.847%,8,G2,5
377,106.3,877,2095,9.6,17.7,2.5,16.1,106.58,0.3,15,-0.747%,9,G2,5
378,106.3,892,2109,14.4,13.6,5.9,16.4,109.21,0,18,0.000%,10,G2,5
379,107.2,901,2118,9.1,15.65,0.4,16.4,108.96,43.3,17,0.847%,11,G2,5
380,107.6,907,2124,6,14.5,7.1,16.2,94.89,0.8,30,0.373%,12,G2,5
381,107.4,918,2135,10.7,12.25,2.2,16.1,100.3,11.3,18,-0.186%,13,G2,5
382,106.7,924,2141,6.6,16.9,2.5,16.1,102.38,3,28,-0.652%,14,G2,5
383,105.5,930,2147,5.4,15.7,3.3,16.1,103.05,3.8,26,-1.125%,15,G2,5
384,104.1,939,2156,9.6,13.1,4.9,15.7,101.32,3.7,21,-1.327%,16,G2,5
385,102.6,946,2163,6.6,12.5,0.8,15.7,106.37,0.2,14,-1.441%,17,G2,5
386,103,962,2179,16.3,12.15,6.3,15.7,101.31,0,17,0.390%,18,G2,5
387,101.6,974,2191,11.6,15.6,10.5,15.7,101.89,0,15,-1.359%,19,G2,5
388,100.3,988,2206,14.8,16.1,10.5,15.7,111.93,0,18,-1.280%,20,G2,5
389,101.1,1002,2220,13.8,18.7,7.7,15.4,109.92,0,22,0.798%,21,G2,5
390,100.7,1011,2228,8.4,17.4,6.9,15.4,106.5,0,21,-0.396%,22,G2,5
391,101.1,1019,2237,8.7,18.05,3,15.4,108.08,1.2,21,0.397%,23,G2,5
392,79,588,1805,11.8,16.7,13,17.1,94.08,0.2,18,-0.126%,1,G3,5
393,79.2,598,1815,9.7,15.35,1.7,17.1,94.51,1.2,19,0.253%,2,G3,5
394,80,613,1831,15.5,17.05,13.3,17.4,97.31,0,15,1.010%,3,G3,5
395,79.3,630,1847,16.6,16.9,15.7,17.3,97.11,0,16,-0.875%,4,G3,5
396,80.4,648,1866,18.5,20.95,9.5,17.4,96.06,0,22,1.387%,5,G3,5
397,79.1,660,1877,11.6,21.3,9,17.1,98.17,0,15,-1.617%,6,G3,5
398,79.6,673,1890,12.8,15.5,11.5,17.4,91.97,3.1,15,0.632%,7,G3,5
399,79.1,687,1905,14.5,21.65,12,17.1,93.93,0,21,-0.628%,8,G3,5
400,79.4,699,1916,11.7,16.85,6,16.7,97.89,4.3,22,0.379%,9,G3,5
401,79.8,711,1929,12.3,16.25,6.7,16.4,98.88,0.7,18,0.504%,10,G3,5
402,80,722,1939,10.8,17,6.3,16.8,98.88,1.1,22,0.251%,11,G3,5
403,80.6,729,1946,6.5,16.35,1.7,16.2,102.38,7.8,20,0.750%,12,G3,5
404,80,740,1957,11.5,13.05,9.6,16.7,101.64,0,15,-0.744%,13,G3,5
405,78.8,759,1976,18.7,16.35,14,16.7,96.53,0,19,-1.500%,14,G3,5
406,80.6,771,1988,12.2,18.3,7.5,16.7,97.42,1.2,16,2.284%,15,G3,5
407,79.3,778,1995,7,18.3,2,16.4,94.39,6.5,18,-1.613%,16,G3,5
408,78.9,783,2001,5.4,17.5,0.1,16.4,98.59,0.8,21,-0.504%,17,G3,5
409,79.2,787,2004,3.5,18.45,0.5,16.7,98.81,1.4,15,0.380%,18,G3,5
410,78.6,790,2008,3.5,17.75,0.7,16.4,101.24,0.3,13,-0.758%,19,G3,5
411,77.2,805,2023,14.9,13.55,14.3,16.7,97.31,3.8,14,-1.781%,20,G3,5
412,90.6,699,1916,11.7,16.85,6,16.7,97.89,4.3,22,0.332%,1,G4,5
413,92.9,711,1929,12.3,16.25,6.7,16.4,98.88,0.7,18,2.539%,2,G4,5
414,92.7,722,1939,10.8,17,6.3,16.8,98.88,1.1,22,-0.215%,3,G4,5
415,92.9,729,1946,6.5,16.35,1.7,16.2,102.38,7.8,20,0.216%,4,G4,5
416,94.2,740,1957,11.5,13.05,9.6,16.7,101.64,0,15,1.399%,5,G4,5
417,95.1,759,1976,18.7,16.35,14,16.7,96.53,0,19,0.955%,6,G4,5
418,95.2,771,1988,12.2,18.3,7.5,16.7,97.42,1.2,16,0.105%,7,G4,5
419,96.2,778,1995,7,18.3,2,16.4,94.39,6.5,18,1.050%,8,G4,5
420,95.8,783,2001,5.4,17.5,0.1,16.4,98.59,0.8,21,-0.416%,9,G4,5
421,94.3,787,2004,3.5,18.45,0.5,16.7,98.81,1.4,15,-1.566%,10,G4,5
422,95,790,2008,3.5,17.75,0.7,16.4,101.24,0.3,13,0.742%,11,G4,5
423,95.9,805,2023,14.9,13.55,14.3,16.7,97.31,3.8,14,0.947%,12,G4,5
424,95.9,815,2032,9.7,20.35,6.7,16.4,104.13,0,27,0.000%,13,G4,5
425,95.5,826,2043,11.2,16.6,12.8,16.1,96.65,0.4,20,-0.417%,14,G4,5
426,95,837,2054,10.6,17.6,7.6,16.1,112.54,0,25,-0.524%,15,G4,5
427,94.7,856,2073,19.2,15.4,3.2,15.8,113.91,0,20,-0.316%,16,G4,5
428,95.2,868,2085,11.8,19.2,10.3,15.7,116.38,0,24,0.528%,17,G4,5
429,94.4,877,2095,9.6,17.7,2.5,16.1,106.58,0.3,15,-0.840%,18,G4,5
430,94.2,892,2109,14.4,13.6,5.9,16.4,109.21,0,18,-0.212%,19,G4,5
431,93.5,901,2118,9.1,15.65,0.4,16.4,108.96,43.3,17,-0.743%,20,G4,5
432,92.6,907,2124,6,14.5,7.1,16.2,94.89,0.8,30,-0.963%,21,G4,5
433,93.2,918,2135,10.7,12.25,2.2,16.1,100.3,11.3,18,0.648%,22,G4,5
434,93.8,924,2141,6.6,16.9,2.5,16.1,102.38,3,28,0.644%,23,G4,5
435,93.1,930,2147,5.4,15.7,3.3,16.1,103.05,3.8,26,-0.746%,24,G4,5
436,76.2,613,1831,15.5,17.05,13.3,17.4,97.31,0,15,-0.781%,1,G5,5
437,76.5,630,1847,16.6,16.9,15.7,17.3,97.11,0,16,0.394%,2,G5,5
438,77.5,648,1866,18.5,20.95,9.5,17.4,96.06,0,22,1.307%,3,G5,5
439,78.2,660,1877,11.6,21.3,9,17.1,98.17,0,15,0.903%,4,G5,5
440,80.9,673,1890,12.8,15.5,11.5,17.4,91.97,3.1,15,3.453%,5,G5,5
441,80.9,687,1905,14.5,21.65,12,17.1,93.93,0,21,0.000%,6,G5,5
442,80.5,699,1916,11.7,16.85,6,16.7,97.89,4.3,22,-0.494%,7,G5,5
443,80.4,711,1929,12.3,16.25,6.7,16.4,98.88,0.7,18,-0.124%,8,G5,5
444,79.2,722,1939,10.8,17,6.3,16.8,98.88,1.1,22,-1.493%,9,G5,5
445,79.9,729,1946,6.5,16.35,1.7,16.2,102.38,7.8,20,0.884%,10,G5,5
446,81.2,740,1957,11.5,13.05,9.6,16.7,101.64,0,15,1.627%,11,G5,5
447,81.1,759,1976,18.7,16.35,14,16.7,96.53,0,19,-0.123%,12,G5,5
448,80.8,771,1988,12.2,18.3,7.5,16.7,97.42,1.2,16,-0.370%,13,G5,5
449,81.4,778,1995,7,18.3,2,16.4,94.39,6.5,18,0.743%,14,G5,5
450,82.5,783,2001,5.4,17.5,0.1,16.4,98.59,0.8,21,1.351%,15,G5,5
451,83.4,787,2004,3.5,18.45,0.5,16.7,98.81,1.4,15,1.091%,16,G5,5
452,82.1,790,2008,3.5,17.75,0.7,16.4,101.24,0.3,13,-1.559%,17,G5,5
453,82.9,805,2023,14.9,13.55,14.3,16.7,97.31,3.8,14,0.974%,18,G5,5
454,83.3,815,2032,9.7,20.35,6.7,16.4,104.13,0,27,0.483%,19,G5,5
455,82.3,826,2043,11.2,16.6,12.8,16.1,96.65,0.4,20,-1.200%,20,G5,5
456,82.1,837,2054,10.6,17.6,7.6,16.1,112.54,0,25,-0.243%,21,G5,5
457,82.3,856,2073,19.2,15.4,3.2,15.8,113.91,0,20,0.244%,22,G5,5
458,90,699,1916,11.7,16.85,6,16.7,97.89,4.3,22,-0.442%,1,GT,5
459,90.4,711,1929,12.3,16.25,6.7,16.4,98.88,0.7,18,0.444%,2,GT,5
460,90.5,722,1939,10.8,17,6.3,16.8,98.88,1.1,22,0.111%,3,GT,5
461,91,729,1946,6.5,16.35,1.7,16.2,102.38,7.8,20,0.552%,4,GT,5
462,91.1,740,1957,11.5,13.05,9.6,16.7,101.64,0,15,0.110%,5,GT,5
463,91,759,1976,18.7,16.35,14,16.7,96.53,0,19,-0.110%,6,GT,5
464,91.1,771,1988,12.2,18.3,7.5,16.7,97.42,1.2,16,0.110%,7,GT,5
465,91.6,778,1995,7,18.3,2,16.4,94.39,6.5,18,0.549%,8,GT,5
466,91.8,783,2001,5.4,17.5,0.1,16.4,98.59,0.8,21,0.218%,9,GT,5
467,91.9,787,2004,3.5,18.45,0.5,16.7,98.81,1.4,15,0.109%,10,GT,5
468,91.7,790,2008,3.5,17.75,0.7,16.4,101.24,0.3,13,-0.218%,11,GT,5
469,91.5,805,2023,14.9,13.55,14.3,16.7,97.31,3.8,14,-0.218%,12,GT,5
470,91.3,815,2032,9.7,20.35,6.7,16.4,104.13,0,27,-0.219%,13,GT,5
471,91.3,826,2043,11.2,16.6,12.8,16.1,96.65,0.4,20,0.000%,14,GT,5
472,91.2,837,2054,10.6,17.6,7.6,16.1,112.54,0,25,-0.110%,15,GT,5
473,91.3,856,2073,19.2,15.4,3.2,15.8,113.91,0,20,0.110%,16,GT,5
474,91.2,868,2085,11.8,19.2,10.3,15.7,116.38,0,24,-0.110%,17,GT,5
475,90.5,877,2095,9.6,17.7,2.5,16.1,106.58,0.3,15,-0.768%,18,GT,5
476,90.8,892,2109,14.4,13.6,5.9,16.4,109.21,0,18,0.331%,19,GT,5
477,90.7,901,2118,9.1,15.65,0.4,16.4,108.96,43.3,17,-0.110%,20,GT,5
478,96.5,907,2124,6,14.5,7.1,16.2,94.89,0.8,30,0.208%,1,G1,6
479,96.2,918,2135,10.7,12.25,2.2,16.1,100.3,11.3,18,-0.311%,2,G1,6
480,96,924,2141,6.6,16.9,2.5,16.1,102.38,3,28,-0.208%,3,G1,6
481,95.6,930,2147,5.4,15.7,3.3,16.1,103.05,3.8,26,-0.417%,4,G1,6
482,95.6,939,2156,9.6,13.1,4.9,15.7,101.32,3.7,21,0.000%,5,G1,6
483,95.3,946,2163,6.6,12.5,0.8,15.7,106.37,0.2,14,-0.314%,6,G1,6
484,95.3,962,2179,16.3,12.15,6.3,15.7,101.31,0,17,0.000%,7,G1,6
485,95.3,974,2191,11.6,15.6,10.5,15.7,101.89,0,15,0.000%,8,G1,6
486,94.8,988,2206,14.8,16.1,10.5,15.7,111.93,0,18,-0.525%,9,G1,6
487,94.9,1002,2220,13.8,18.7,7.7,15.4,109.92,0,22,0.105%,10,G1,6
488,94.9,1011,2228,8.4,17.4,6.9,15.4,106.5,0,21,0.000%,11,G1,6
489,94.4,1019,2237,8.7,18.05,3,15.4,108.08,1.2,21,-0.527%,12,G1,6
490,94.8,1034,2251,14.3,16.65,6,15.4,111.06,0,17,0.424%,13,G1,6
491,94.4,1046,2264,12.8,15.4,6.7,15,114.61,0,13,-0.422%,14,G1,6
492,95.1,1062,2279,15.5,15.25,11.4,15.1,104.12,0,17,0.742%,15,G1,6
493,93.8,1079,2297,17.5,17.95,11.4,15.4,104.26,0,17,-1.367%,16,G1,6
494,101,1034,2251,14.3,16.65,6,15.4,111.06,0,17,-0.099%,1,G2,6
495,101.1,1046,2264,12.8,15.4,6.7,15,114.61,0,13,0.099%,2,G2,6
496,101,1062,2279,15.5,15.25,11.4,15.1,104.12,0,17,-0.099%,3,G2,6
497,99.1,1079,2297,17.5,17.95,11.4,15.4,104.26,0,17,-1.881%,4,G2,6
498,76.5,815,2032,9.7,20.35,6.7,16.4,104.13,0,27,-0.907%,1,G3,6
499,77.9,826,2043,11.2,16.6,12.8,16.1,96.65,0.4,20,1.830%,2,G3,6
500,78.5,837,2054,10.6,17.6,7.6,16.1,112.54,0,25,0.770%,3,G3,6
501,78.1,856,2073,19.2,15.4,3.2,15.8,113.91,0,20,-0.510%,4,G3,6
502,77.3,868,2085,11.8,19.2,10.3,15.7,116.38,0,24,-1.024%,5,G3,6
503,76.8,877,2095,9.6,17.7,2.5,16.1,106.58,0.3,15,-0.647%,6,G3,6
504,76.7,892,2109,14.4,13.6,5.9,16.4,109.21,0,18,-0.130%,7,G3,6
505,75.7,901,2118,9.1,15.65,0.4,16.4,108.96,43.3,17,-1.304%,8,G3,6
506,72.5,907,2124,6,14.5,7.1,16.2,94.89,0.8,30,-4.227%,9,G3,6
507,72,918,2135,10.7,12.25,2.2,16.1,100.3,11.3,18,-0.690%,10,G3,6
508,72.6,924,2141,6.6,16.9,2.5,16.1,102.38,3,28,0.833%,11,G3,6
509,70.4,930,2147,5.4,15.7,3.3,16.1,103.05,3.8,26,-3.030%,12,G3,6
510,69.9,939,2156,9.6,13.1,4.9,15.7,101.32,3.7,21,-0.710%,13,G3,6
511,72.8,946,2163,6.6,12.5,0.8,15.7,106.37,0.2,14,4.149%,14,G3,6
512,70.8,962,2179,16.3,12.15,6.3,15.7,101.31,0,17,-2.747%,15,G3,6
513,72.8,974,2191,11.6,15.6,10.5,15.7,101.89,0,15,2.825%,16,G3,6
514,69.7,988,2206,14.8,16.1,10.5,15.7,111.93,0,18,-4.258%,17,G3,6
515,69.6,1002,2220,13.8,18.7,7.7,15.4,109.92,0,22,-0.143%,18,G3,6
516,67.6,1011,2228,8.4,17.4,6.9,15.4,106.5,0,21,-2.874%,19,G3,6
517,68.1,1019,2237,8.7,18.05,3,15.4,108.08,1.2,21,0.740%,20,G3,6
518,70.1,1034,2251,14.3,16.65,6,15.4,111.06,0,17,2.937%,21,G3,6
519,67.8,1046,2264,12.8,15.4,6.7,15,114.61,0,13,-3.281%,22,G3,6
520,68.1,1062,2279,15.5,15.25,11.4,15.1,104.12,0,17,0.442%,23,G3,6
521,68.9,1079,2297,17.5,17.95,11.4,15.4,104.26,0,17,1.175%,24,G3,6
522,92,939,2156,9.6,13.1,4.9,15.7,101.32,3.7,21,-1.182%,1,G4,6
523,91.3,946,2163,6.6,12.5,0.8,15.7,106.37,0.2,14,-0.761%,2,G4,6
524,89.1,962,2179,16.3,12.15,6.3,15.7,101.31,0,17,-2.410%,3,G4,6
525,88.6,974,2191,11.6,15.6,10.5,15.7,101.89,0,15,-0.561%,4,G4,6
526,87.3,988,2206,14.8,16.1,10.5,15.7,111.93,0,18,-1.467%,5,G4,6
527,86.4,1002,2220,13.8,18.7,7.7,15.4,109.92,0,22,-1.031%,6,G4,6
528,87.1,1011,2228,8.4,17.4,6.9,15.4,106.5,0,21,0.810%,7,G4,6
529,86.8,1019,2237,8.7,18.05,3,15.4,108.08,1.2,21,-0.344%,8,G4,6
530,87.1,1034,2251,14.3,16.65,6,15.4,111.06,0,17,0.346%,9,G4,6
531,86.8,1046,2264,12.8,15.4,6.7,15,114.61,0,13,-0.344%,10,G4,6
532,87.3,1062,2279,15.5,15.25,11.4,15.1,104.12,0,17,0.576%,11,G4,6
533,87.1,1079,2297,17.5,17.95,11.4,15.4,104.26,0,17,-0.229%,12,G4,6
534,82.4,868,2085,11.8,19.2,10.3,15.7,116.38,0,24,0.122%,1,G5,6
535,81.3,877,2095,9.6,17.7,2.5,16.1,106.58,0.3,15,-1.335%,2,G5,6
536,81.9,892,2109,14.4,13.6,5.9,16.4,109.21,0,18,0.738%,3,G5,6
537,80.8,901,2118,9.1,15.65,0.4,16.4,108.96,43.3,17,-1.343%,4,G5,6
538,80.8,907,2124,6,14.5,7.1,16.2,94.89,0.8,30,0.000%,5,G5,6
539,79.2,918,2135,10.7,12.25,2.2,16.1,100.3,11.3,18,-1.980%,6,G5,6
540,80.4,924,2141,6.6,16.9,2.5,16.1,102.38,3,28,1.515%,7,G5,6
541,78.65,930,2147,5.4,15.7,3.3,16.1,103.05,3.8,26,-2.177%,8,G5,6
542,76.8,939,2156,9.6,13.1,4.9,15.7,101.32,3.7,21,-2.352%,9,G5,6
543,77.25,946,2163,6.6,12.5,0.8,15.7,106.37,0.2,14,0.586%,10,G5,6
544,77.35,962,2179,16.3,12.15,6.3,15.7,101.31,0,17,0.129%,11,G5,6
545,76.75,974,2191,11.6,15.6,10.5,15.7,101.89,0,15,-0.776%,12,G5,6
546,76.9,988,2206,14.8,16.1,10.5,15.7,111.93,0,18,0.195%,13,G5,6
547,76.55,1002,2220,13.8,18.7,7.7,15.4,109.92,0,22,-0.455%,14,G5,6
548,75.2,1011,2228,8.4,17.4,6.9,15.4,106.5,0,21,-1.764%,15,G5,6
549,75,1019,2237,8.7,18.05,3,15.4,108.08,1.2,21,-0.266%,16,G5,6
550,75.7,1034,2251,14.3,16.65,6,15.4,111.06,0,17,0.933%,17,G5,6
551,75.2,1046,2264,12.8,15.4,6.7,15,114.61,0,13,-0.661%,18,G5,6
552,74.95,1062,2279,15.5,15.25,11.4,15.1,104.12,0,17,-0.332%,19,G5,6
553,75.6,1079,2297,17.5,17.95,11.4,15.4,104.26,0,17,0.867%,20,G5,6
554,90,907,2124,6,14.5,7.1,16.2,94.89,0.8,30,-0.772%,1,GT,6
555,89.6,918,2135,10.7,12.25,2.2,16.1,100.3,11.3,18,-0.444%,2,GT,6
556,89.9,924,2141,6.6,16.9,2.5,16.1,102.38,3,28,0.335%,3,GT,6
557,88.5,930,2147,5.4,15.7,3.3,16.1,103.05,3.8,26,-1.557%,4,GT,6
558,87.9,939,2156,9.6,13.1,4.9,15.7,101.32,3.7,21,-0.678%,5,GT,6
559,88,946,2163,6.6,12.5,0.8,15.7,106.37,0.2,14,0.114%,6,GT,6
560,86.9,962,2179,16.3,12.15,6.3,15.7,101.31,0,17,-1.250%,7,GT,6
561,86.8,974,2191,11.6,15.6,10.5,15.7,101.89,0,15,-0.115%,8,GT,6
562,85.8,988,2206,14.8,16.1,10.5,15.7,111.93,0,18,-1.152%,9,GT,6
563,85.7,1002,2220,13.8,18.7,7.7,15.4,109.92,0,22,-0.117%,10,GT,6
564,85.1,1011,2228,8.4,17.4,6.9,15.4,106.5,0,21,-0.700%,11,GT,6
565,85.3,1019,2237,8.7,18.05,3,15.4,108.08,1.2,21,0.235%,12,GT,6
566,86,1034,2251,14.3,16.65,6,15.4,111.06,0,17,0.821%,13,GT,6
567,85.3,1046,2264,12.8,15.4,6.7,15,114.61,0,13,-0.814%,14,GT,6
568,85.6,1062,2279,15.5,15.25,11.4,15.1,104.12,0,17,0.352%,15,GT,6
569,85,1079,2297,17.5,17.95,11.4,15.4,104.26,0,17,-0.701%,16,GT,6
